{"cameraMode":{"drawMode":0,"name":"Shaded","section":"Shading Mode"},"sceneLighting":true,"audioPlay":false,"sceneViewState":{"showFog":true,"showMaterialUpdate":true,"showSkybox":true,"showFlares":true,"showImageEffects":true,"showParticleSystems":true},"in2DMode":false,"pivot":{"x":5.771796226501465,"y":1.3450000286102296,"z":-47.18595504760742},"rotation":{"x":-0.22068379819393159,"y":-0.7237080335617065,"z":0.2677119970321655,"w":-0.5965644717216492},"size":4.869065284729004,"orthographic":false}